招,Production,2014-10-21,RTK::Japanese keywords,2007-08-01,130%,1 day,28
授,Production,2014-10-21,RTK::English keywords,2007-08-01,130%,1 day,60
趣,Production,2014-10-21,RTK::English keywords,2007-08-01,130%,1 day,42
羅,Production,2014-10-21,RTK::English keywords,2007-08-01,130%,1 day,63
猶,Production,2014-10-21,RTK::English keywords,2007-08-01,130%,1 day,45
顔,Production,2014-10-21,RTK::English keywords,2007-08-01,130%,1 day,58
婚,Production,2014-10-21,RTK::English keywords,2007-08-01,130%,1 day,63
郭,Production,2014-10-21,RTK::English keywords,2007-08-01,130%,1 day,64
審,Production,2014-10-21,RTK::English keywords,2007-08-01,130%,1 day,57
薄,Production,2014-12-21,RTK::English keywords,2007-08-01,130%,"2,1 months",29
障,Production,2015-02-16,RTK::English keywords,2007-08-01,130%,"4,0 months",38
凝,Production,2015-02-18,RTK::English keywords,2007-08-01,130%,"4,0 months",39
褒,Production,2015-03-01,RTK::English keywords,2007-08-01,130%,"4,4 months",53
祥,Production,2015-03-14,RTK::English keywords,2007-08-01,140%,"4,8 months",35
銘,Production,2015-06-28,RTK::English keywords,2007-08-01,160%,"8,4 months",20
